seed,pool,hits,sq_gap_stable_evals,sq_gap_stable_acc,sq_gap_stable_ap,corrected_gap_evals,corrected_gap_acc,corrected_gap_ap,model_evals,model_acc,model_ap,target
0,2204,17,50,24.5,0.1662,23,53.261,0.6332,10,122.5,0.8639,10
1,2204,17,51,24.02,0.2416,37,33.108,0.3805,18,68.056,0.6434,10
2,2204,20,42,25.0,0.2322,12,87.5,0.6387,11,95.455,0.8594,10
3,2204,18,39,29.757,0.2518,30,38.684,0.4567,11,105.502,0.7533,10
4,2204,19,36,30.625,0.2564,19,58.026,0.4911,20,55.125,0.586,10
5,2204,17,48,25.521,0.1683,21,58.333,0.5652,15,81.667,0.6861,10
6,2204,10,115,17.431,0.1263,59,33.975,0.6562,23,87.154,0.8258,10
7,2204,18,49,23.684,0.1876,23,50.458,0.476,12,96.711,0.7541,10
8,2204,20,47,22.34,0.2589,25,42.0,0.5082,10,105.0,0.7803,10
9,2204,18,51,22.755,0.1848,19,61.08,0.5163,12,96.711,0.7807,10
10,2204,19,40,27.562,0.2615,13,84.808,0.6803,11,100.227,0.7623,10
11,2204,15,49,28.125,0.2783,37,37.247,0.4972,14,98.438,0.6983,10
12,2204,18,43,26.989,0.1949,47,24.692,0.3023,28,41.447,0.5573,10
13,2204,19,46,23.967,0.2442,26,42.404,0.4725,15,73.5,0.5941,10
14,2204,17,53,23.113,0.3359,37,33.108,0.4139,24,51.042,0.6776,10
15,2204,19,51,21.618,0.1734,24,45.938,0.4755,11,100.227,0.7077,10
16,2204,16,44,29.479,0.2361,39,33.258,0.4363,21,61.765,0.6843,10
17,2204,12,62,27.357,0.2515,43,39.445,0.4137,31,54.715,0.654,10
18,2204,21,31,32.331,0.2861,26,38.549,0.4685,11,91.116,0.8009,10
19,2204,16,47,27.597,0.2112,49,26.471,0.4185,20,64.853,0.6193,10
