# Abundance of elements in the Earth's continental crust, mg/kg (ppm by mass).
# Source: CRC Handbook of Chemistry and Physics, 97th edition (2016-2017), section 14, page 17,
#   "Abundance of Elements in the Earth's Crust and in the Sea".
# Transcribed from the CRC column of https://en.wikipedia.org/wiki/Abundance_of_elements_in_Earth%27s_crust
#   and checked line by line against that page on 2026-10-03. Elements absent from this table are treated
#   as not earth-abundant.
symbol,z,mg_per_kg
O,8,461000
Si,14,282000
Al,13,82300
Fe,26,56300
Ca,20,41500
Na,11,23600
Mg,12,23300
K,19,20900
Ti,22,5650
H,1,1400
P,15,1050
Mn,25,950
F,9,585
Ba,56,425
Sr,38,370
S,16,350
C,6,200
Zr,40,165
Cl,17,145
V,23,120
Cr,24,102
Rb,37,90
Ni,28,84
Zn,30,70
Ce,58,66.5
Cu,29,60
Nd,60,41.5
La,57,39
Y,39,33
Co,27,25
Sc,21,22
Li,3,20
Nb,41,20
N,7,19
Ga,31,19
Pb,82,14
B,5,10
Th,90,9.6
Pr,59,9.2
Sm,62,7.05
Gd,64,6.2
Dy,66,5.2
Er,68,3.5
Ar,18,3.5
Yb,70,3.2
Hf,72,3.0
Cs,55,3.0
Be,4,2.8
U,92,2.7
Br,35,2.4
Sn,50,2.3
Ta,73,2.0
Eu,63,2.0
As,33,1.8
Ge,32,1.5
Ho,67,1.3
W,74,1.25
Mo,42,1.2
Tb,65,1.2
Tl,81,0.85
Lu,71,0.8
Tm,69,0.52
I,53,0.45
In,49,0.25
Sb,51,0.2
Cd,48,0.15
Hg,80,0.085
Ag,47,0.075
Se,34,0.05
Pd,46,0.015
Bi,83,0.0085
He,2,0.008
Ne,10,0.005
Pt,78,0.005
Au,79,0.004
Os,76,0.0015
Te,52,0.001
Ru,44,0.001
Ir,77,0.001
Rh,45,0.001
Re,75,0.0007
Kr,36,0.0001
Xe,54,0.00003
Pa,91,0.0000014
Ra,88,0.0000009
Ac,89,0.00000000055
Po,84,0.0000000002
Rn,86,0.0000000000004
Tc,43,0.000000000000003
Pm,61,0.00000000000000000000002
Fr,87,0.000000000000000000000001
At,85,0.000000000000000000000000003
