rank,jid,formula,composition,elements,n_elements,nat,spg_number,spg_symbol,crys,density,volume_per_atom,optb88vdw_bandgap,formation_energy_peratom,ehull
1,JVASP-90503,Rb2NiF6,F:6 Ni:1 Rb:2,F Ni Rb,3,9,225,Fm-3m,cubic,3.847,16.479014,1.606,-2.36246,0.0
2,JVASP-120881,SrBeBr2,Be:1 Br:2 Sr:1,Be Br Sr,3,4,225,Fm-3m,cubic,3.857,27.601688,1.039,-0.84604,0.064185
3,JVASP-78443,SmS,S:1 Sm:1,S Sm,2,2,225,Fm-3m,cubic,6.688,22.647422,0.0,-2.17019,0.057804
4,JVASP-111073,CuCl,Cl:1 Cu:1,Cl Cu,2,2,216,F-43m,cubic,4.22,19.475831,0.586,-0.44562,0.0
5,JVASP-114550,BaZnCl2,Ba:1 Cl:2 Zn:1,Ba Cl Zn,3,4,99,P4mm,tetragonal,3.929,28.915254,1.107,-1.56891,0.020275
6,JVASP-14566,DyS,Dy:1 S:1,Dy S,2,2,225,Fm-3m,cubic,7.72,20.926085,0.0,-2.14212,0.032083
7,JVASP-12510,CuCl,Cl:8 Cu:8,Cl Cu,2,16,205,Pa-3,cubic,4.629,17.75549,0.59,-0.42305,0.011285
8,JVASP-59094,Na10CaSn12,Ca:1 Na:10 Sn:12,Ca Na Sn,3,23,217,I-43m,cubic,3.977,30.760999,0.775,-0.31712,0.0
9,JVASP-59095,Na10SrSn12,Na:10 Sn:12 Sr:1,Na Sn Sr,3,23,217,I-43m,cubic,4.036,31.160574,0.776,-0.32036,0.0
10,JVASP-10972,SrCaGe,Ca:4 Ge:4 Sr:4,Ca Ge Sr,3,12,62,Pnma,orthorhombic,3.673,30.188493,0.471,-0.71249,0.0
11,JVASP-12504,CuBr,Br:8 Cu:8,Br Cu,2,16,205,Pa-3,cubic,5.741,20.746759,0.317,-0.24627,0.013285
12,JVASP-9128,Sr2Ge,Ge:4 Sr:8,Ge Sr,2,12,62,Pnma,orthorhombic,4.128,33.239146,0.388,-0.63223,0.0
13,JVASP-115581,BaZnF2,Ba:1 F:2 Zn:1,Ba F Zn,3,4,99,P4mm,tetragonal,5.029,19.871828,1.347,-2.49285,0.0
14,JVASP-100007,Cu2BrCl,Br:1 Cl:1 Cu:2,Br Cl Cu,3,4,166,R-3m,trigonal,5.577,18.047013,0.423,-0.22102,0.0
15,JVASP-66027,BaGeBr,Ba:1 Br:1 Ge:1,Ba Br Ge,3,3,216,F-43m,cubic,3.879,41.36302,0.424,-0.59648,0.038529

